region,total_sales,order_count,customer_count,average_order_value,sales_per_customer
Sudeste,100582.67,103,49,976.5307766990292,2052.707551020408
Centro-Oeste,31728.37,36,18,881.343611111111,1762.687222222222
Sul,17855.12,22,12,811.5963636363635,1487.9266666666665
